{
    "position": [
        42.96090920944039,
        -552.872205705141,
        -383.4732692458763
    ],
    "rotation": [
        [
            0.9954074166384398,
            0.018428319649275646,
            -0.0939386604976383
        ],
        [
            0.044025691092395486,
            0.7832369588829823,
            0.6201625631748301
        ],
        [
            -0.08500478471841103,
            0.6214501293544337,
            -0.7788285583492264
        ]
    ]
}