{
    "position": [
        7.36602811683656,
        -199.17546003503134,
        -248.3889936339325
    ],
    "rotation": [
        [
            0.01957091764883362,
            -0.04648429415932253,
            -0.9987449468538121
        ],
        [
            -0.9986410787480863,
            0.024822578605105165,
            -0.01828132532785703
        ],
        [
            -0.0166880506684286,
            0.9993855890625057,
            -0.04650038343567927
        ]
    ]
}