{
    "position": [
        0.014413879589851297,
        0.24692078912462367,
        0.31493278316140616
    ],
    "rotation": [
        [
            0.9983142100039429,
            -0.05468880094155717,
            0.01943895974012391
        ],
        [
            0.036002314175441065,
            0.8461841038126212,
            0.5316731099358358
        ],
        [
            0.045525503602005954,
            0.530076973190126,
            -0.8467265385089676
        ]
    ]
}