{
    "position": [
        0.01548696522030421,
        0.010184145153107338,
        -0.030180693052826557
    ],
    "rotation": [
        [
            0.5895335898146786,
            -0.12540936178895262,
            0.7979490199604893
        ],
        [
            -0.8074158825384281,
            -0.06334439477353115,
            0.5865723146172739
        ],
        [
            -0.02301606188969158,
            -0.9900807944942986,
            -0.1386011589728864
        ]
    ]
}