{
    "camera_matrix": [
        [
            886.6117784041576,
            0.0,
            819.6805200927439
        ],
        [
            0.0,
            886.9181652719644,
            612.5225598474681
        ],
        [
            0.0,
            0.0,
            1.0
        ]
    ],
    "distortion_coefficients": [
        [
            -0.1303481065300705,
            0.1083843563098707,
            0.00045982825230640143,
            -2.7856521539195175e-05,
            0.0004196203303219306,
            0.1703087122267735,
            0.05081877171580408,
            0.02596101732794003
        ]
    ],
    "serial_number": "946225"
}